"","x"
"1","multinube"
"2","nube"
"3","nube"
"4","multinube"
"5","multinube"
"6","nube"
"7","multinube"
"8","nube"
"9","nube"
"10","multinube"
"11","nube"
"12","nube"
"13","nube"
"14","multinube"
"15","nube"
"16","nube"
"17","nube"
"18","nube"
"19","nube"
"20","multinube"
"21","nube"
"22","multinube"
"23","nube"
"24","nube"
"25","nube"
"26","nube"
"27","cieloDespejado"
"28","nube"
"29","nube"
"30","nube"
"31","multinube"
"32","nube"
"33","multinube"
"34","multinube"
"35","nube"
"36","nube"
"37","nube"
"38","nube"
"39","nube"
"40","nube"
"41","nube"
"42","cieloDespejado"
"43","nube"
"44","nube"
"45","nube"
"46","nube"
"47","nube"
"48","nube"
"49","nube"
"50","multinube"
"51","nube"
"52","nube"
"53","nube"
"54","nube"
"55","multinube"
"56","multinube"
"57","multinube"
"58","nube"
"59","nube"
"60","multinube"
"61","nube"
"62","nube"
"63","nube"
"64","nube"
"65","multinube"
"66","nube"
"67","multinube"
"68","nube"
"69","nube"
"70","nube"
"71","nube"
"72","cieloDespejado"
"73","nube"
"74","nube"
"75","nube"
"76","nube"
"77","nube"
"78","cieloDespejado"
"79","nube"
"80","nube"
"81","cieloDespejado"
"82","nube"
"83","nube"
"84","nube"
"85","nube"
"86","nube"
"87","multinube"
"88","nube"
"89","nube"
"90","nube"
"91","nube"
"92","nube"
"93","nube"
"94","multinube"
"95","nube"
"96","nube"
"97","nube"
"98","multinube"
"99","multinube"
"100","nube"
"101","nube"
"102","multinube"
"103","nube"
"104","nube"
"105","nube"
"106","multinube"
"107","multinube"
"108","multinube"
"109","nube"
"110","cieloDespejado"
"111","multinube"
"112","nube"
"113","nube"
"114","multinube"
"115","cieloDespejado"
"116","nube"
"117","nube"
"118","nube"
"119","nube"
"120","nube"
"121","nube"
"122","nube"
"123","nube"
"124","nube"
"125","nube"
"126","nube"
"127","nube"
"128","nube"
"129","nube"
"130","nube"
"131","multinube"
"132","nube"
"133","nube"
"134","nube"
"135","cieloDespejado"
"136","multinube"
"137","nube"
"138","nube"
"139","nube"
"140","nube"
"141","multinube"
"142","cieloDespejado"
"143","nube"
"144","nube"
"145","multinube"
"146","nube"
"147","nube"
"148","nube"
"149","nube"
"150","nube"
"151","multinube"
"152","cieloDespejado"
"153","nube"
"154","nube"
"155","nube"
"156","nube"
"157","nube"
"158","nube"
"159","nube"
"160","nube"
"161","multinube"
"162","nube"
"163","multinube"
"164","cieloDespejado"
"165","nube"
"166","cieloDespejado"
"167","nube"
"168","nube"
"169","multinube"
"170","nube"
"171","nube"
"172","multinube"
"173","nube"
"174","nube"
"175","nube"
"176","nube"
"177","multinube"
"178","nube"
"179","multinube"
