"","x"
"1","multinube"
"2","multinube"
"3","multinube"
"4","multinube"
"5","nube"
"6","nube"
"7","nube"
"8","multinube"
"9","multinube"
"10","nube"
"11","nube"
"12","nube"
"13","nube"
"14","nube"
"15","multinube"
"16","nube"
"17","multinube"
"18","multinube"
"19","nube"
"20","nube"
"21","nube"
"22","nube"
"23","multinube"
"24","nube"
"25","nube"
"26","multinube"
"27","nube"
"28","nube"
"29","nube"
"30","nube"
"31","nube"
"32","multinube"
"33","nube"
"34","nube"
"35","nube"
"36","nube"
"37","nube"
"38","multinube"
"39","nube"
"40","nube"
"41","nube"
"42","nube"
"43","nube"
"44","cieloDespejado"
"45","nube"
"46","nube"
"47","nube"
"48","nube"
"49","nube"
"50","nube"
"51","nube"
"52","multinube"
"53","nube"
"54","nube"
"55","multinube"
"56","nube"
"57","nube"
"58","nube"
"59","cieloDespejado"
"60","multinube"
"61","nube"
"62","nube"
"63","nube"
"64","nube"
"65","multinube"
"66","multinube"
"67","nube"
"68","multinube"
"69","nube"
"70","multinube"
"71","nube"
"72","nube"
"73","nube"
"74","nube"
"75","nube"
"76","nube"
"77","nube"
"78","nube"
"79","multinube"
"80","nube"
"81","nube"
"82","nube"
"83","multinube"
"84","nube"
"85","nube"
"86","nube"
"87","multinube"
"88","multinube"
"89","nube"
"90","nube"
"91","nube"
"92","nube"
"93","multinube"
"94","nube"
"95","nube"
"96","multinube"
"97","nube"
"98","nube"
"99","nube"
"100","nube"
"101","nube"
"102","nube"
"103","cieloDespejado"
"104","multinube"
"105","cieloDespejado"
"106","nube"
"107","nube"
"108","cieloDespejado"
"109","nube"
"110","nube"
"111","nube"
"112","cieloDespejado"
"113","nube"
"114","nube"
"115","nube"
"116","nube"
"117","cieloDespejado"
"118","nube"
"119","nube"
"120","nube"
"121","nube"
"122","nube"
"123","nube"
"124","nube"
"125","nube"
"126","nube"
"127","nube"
"128","nube"
"129","nube"
"130","nube"
"131","nube"
"132","nube"
"133","cieloDespejado"
"134","nube"
"135","nube"
"136","nube"
"137","nube"
"138","cieloDespejado"
"139","nube"
"140","nube"
"141","nube"
"142","nube"
"143","nube"
"144","nube"
"145","nube"
"146","nube"
"147","nube"
"148","multinube"
"149","nube"
"150","multinube"
"151","nube"
"152","cieloDespejado"
"153","nube"
"154","multinube"
"155","multinube"
"156","multinube"
"157","multinube"
"158","nube"
"159","nube"
"160","multinube"
"161","multinube"
"162","nube"
"163","nube"
"164","multinube"
"165","cieloDespejado"
"166","nube"
"167","nube"
"168","nube"
"169","cieloDespejado"
"170","multinube"
"171","nube"
"172","nube"
"173","nube"
"174","nube"
"175","nube"
"176","nube"
"177","multinube"
"178","nube"
"179","multinube"
